{"cameraMode":{"drawMode":0,"name":"Shaded","section":"Shading Mode"},"sceneLighting":false,"audioPlay":false,"sceneViewState":{"m_AlwaysRefresh":false,"showFog":false,"showSkybox":false,"showFlares":false,"showImageEffects":false,"showParticleSystems":false,"showVisualEffectGraphs":true,"m_FxEnabled":true},"in2DMode":false,"pivot":{"x":0.044451117515563968,"y":2.436272144317627,"z":0.8251619338989258},"rotation":{"x":0.2991049885749817,"y":-0.16213926672935487,"z":0.05165131762623787,"w":0.9389235377311707},"size":4.230665683746338,"orthographic":false}