{"cameraMode":{"drawMode":0,"name":"Shaded","section":"Shading Mode"},"sceneLighting":false,"audioPlay":false,"sceneViewState":{"m_AlwaysRefresh":false,"showFog":false,"showSkybox":false,"showFlares":false,"showImageEffects":false,"showParticleSystems":false,"showVisualEffectGraphs":true,"m_FxEnabled":true},"in2DMode":false,"pivot":{"x":0.5658749938011169,"y":0.8703328371047974,"z":17.886281967163087},"rotation":{"x":0.08777818083763123,"y":0.011953707784414292,"z":-0.0010528650600463153,"w":0.9960711002349854},"size":12.021236419677735,"orthographic":false}