{"cameraMode":{"drawMode":0,"name":"Shaded","section":"Shading Mode"},"sceneLighting":false,"audioPlay":false,"sceneViewState":{"m_AlwaysRefresh":false,"showFog":false,"showSkybox":false,"showFlares":false,"showImageEffects":false,"showParticleSystems":false,"showVisualEffectGraphs":true,"m_FxEnabled":true},"in2DMode":false,"pivot":{"x":-0.12527406215667725,"y":3.3223764896392824,"z":-0.10764169692993164},"rotation":{"x":0.17843188345432282,"y":-0.007379552349448204,"z":0.0013382533797994257,"w":0.9839239716529846},"size":3.9306657314300539,"orthographic":false}