{"cameraMode":{"drawMode":0,"name":"Shaded","section":"Shading Mode"},"sceneLighting":false,"audioPlay":false,"sceneViewState":{"m_AlwaysRefresh":false,"showFog":false,"showSkybox":false,"showFlares":false,"showImageEffects":false,"showParticleSystems":false,"showVisualEffectGraphs":true,"m_FxEnabled":true},"in2DMode":false,"pivot":{"x":-0.07555899024009705,"y":4.735603332519531,"z":0.4215624928474426},"rotation":{"x":0.20928169786930085,"y":-0.16340002417564393,"z":0.035493865609169009,"w":0.9634522199630737},"size":0.8660253882408142,"orthographic":false}